Title,Date
"Meu Amigo Totoro","23/07/2024"
"Peppa Pig: Temporada 5: A Cidade da Batata / A casa nova/ Basquete / Cavalo rodas brilhantes","30/06/2024"
"Peppa Pig: Temporada 4: O computador do Vovô Pig / O farol do Avô Coelho","29/06/2024"
"Ponyo - Uma Amizade que Veio do Mar","22/06/2024"
"O Serviço de Entregas da Kiki","17/06/2024"
"Star Trek: Prodigy: Temporada 1: Apanhador de sonhos","17/06/2024"
"Peppa Pig: Temporada 4: O aniversário de Edmond Elefante / A maior poça de lama do mundo / A cabana do Papai Noel / A visita do Papai Noel","11/06/2024"
"Peppa Pig: Temporada 6: O tesouro pirata / Avô Coelho no espaço / O circo da Peppa / O lago dos peixes","11/06/2024"
"Peppa Pig: Temporada 6: Os dias antigos / A Montanha Nevada","10/06/2024"
"Aggretsuko: Temporada 5: O outro lado da raiva","09/06/2024"
"Aggretsuko: Temporada 5: Mundo desconectado","09/06/2024"
"Aggretsuko: Temporada 5: Encarando o desafio","09/06/2024"
"Aggretsuko: Temporada 5: Missão fúria","09/06/2024"
"Aggretsuko: Temporada 5: Uma emergência familiar","09/06/2024"
"Aggretsuko: Temporada 5: Mensageiro misterioso","09/06/2024"
"Octonautas: Missão Planeta: Temporada 2: Os Octonautas e a raposa-vermelha / Os Octonautas e as preguiças-anãs","08/06/2024"
"Octonautas: Missão Planeta: Temporada 2: Os Octonautas e o sapo solitário / Os Octonautas e o fantasma da selva","08/06/2024"
"Peppa Pig: Temporada 1: Poças de lama/ Onde está o Senhor Dinossauro?/ Melhor amiga/ Polly Papagaio","07/06/2024"
"Octonautas: Missão Planeta: Temporada 2: Os Octonautas e a onda de frio / Os Octonautas e o mistério das enguias","07/06/2024"
"Octonautas: Missão Planeta: Temporada 2: Os Octonautas e o texugo-do-mel / Os Octonautas e a geleira rosa","07/06/2024"
"Octonautas: Missão Planeta: Temporada 2: Os Octonautas e o hotel na árvore / Os Octonautas e o albatroz teimoso","07/06/2024"
"Octonautas e o Círculo de Fogo","07/06/2024"
"Octonautas e a Grande Barreira de Corais","07/06/2024"
"Aggretsuko: Temporada 5: Recomeço","04/06/2024"
"Aggretsuko: Temporada 5: ANAGURA e a realidade","04/06/2024"
"Aggretsuko: Temporada 5: Shikabane assustadora","04/06/2024"
"Aggretsuko: Temporada 5: Uma prisão chamada liberdade","04/06/2024"
"Crescidinhos: Temporada 2: Episódio 2","04/06/2024"
"Princesa Mononoke","04/06/2024"
"Suzume","04/06/2024"
"Nausicaä do Vale do Vento","04/06/2024"
"Meus Vizinhos, Os Yamadas","04/06/2024"
"Peppa Pig: Temporada 6: Passeando de barco / O Sr. Touro na loja de porcelana / Fruta / O balão do George","03/06/2024"
"Peppa Pig: Temporada 6: O fim das férias / Espelhos / Pedro está atrasado / Jogos de jardim","03/06/2024"
"Peppa Pig: Temporada 6: Animais noturnos / Voando de férias / A casa de férias / Férias ao sol","03/06/2024"
"O Reino dos Gatos","03/06/2024"
"Peppa Pig: Temporada 6: O aquário / O carro de corrida do George / O barquinho / A caixa de areia","02/06/2024"
"Peppa Pig: Temporada 6: A rainha / A ilha deserta / O perfume / A festa das crianças","31/05/2024"
"Peppa Pig: Temporada 5: A loja do Sr. Raposo / O barrigão da Sra. Coelho","31/05/2024"
"Peppa Pig: Temporada 5: A noite barulhenta / O poço dos desejos / O show de Natal do Sr. Batata / A festa de despedida da Madame Gazela","31/05/2024"
"Peppa Pig: Temporada 5: O novo dinossauro do George / O trem do Vovô Pig para o resgate / Competição de animais de estimação / Teia de aranha","31/05/2024"
"Peppa Pig: Temporada 5: Capitão papai cão / O parque de dinossauro do Avô Coelho / História para dormir / A chave perdida","31/05/2024"
"Peppa Pig: Temporada 5: Pedro, o vaqueiro / O jardim da Peppa e do George / A veterinária voadora / Kylie canguru","31/05/2024"
"Peppa Pig: Temporada 4: Papai Pig campeão / A tagarela / A van do Sr. Raposo / Os amigos grandes da Chloé","30/05/2024"
"Morphle: Temporada 1: Pets Mágicos salvam o dia","30/05/2024"
"Morphle: Temporada 1: As aventuras épicas de Morphle e Orphle","30/05/2024"
"Peppa Pig: Temporada 4: A aula de ginástica / O arbusto de amora / A cerâmica / Aviões de papel","29/05/2024"
"The Post - A Guerra Secreta","29/05/2024"
"After Life - Vocês vão ter de me engolir: Temporada 1: Episódio 1","29/05/2024"
"Peppa Pig: Temporada 4: O dia de folga da Dona Coelha / O clube secreto / O estaleiro naval do Avô Coelho / Agito, chocalho e batida","29/05/2024"
"Peppa Pig: Temporada 4: O hospital / A primavera / O helicóptero da Dona Coelha / O bebê Alexander","29/05/2024"
"A Grande Entrevista","15/04/2024"
"Outra Vida: Temporada 1: Espaço sideral","06/04/2024"
"The Crown: Temporada 6: Sleep, Dearie, Sleep","06/04/2024"
"Thomas e seus amigos: Thomas Y Sus Amigos: Emily ao resgate","27/03/2024"
"Thomas e seus amigos: Thomas Y Sus Amigos: Thomas e as locomotivas da floresta","27/03/2024"
"The Crown: Temporada 6: Hope Street","25/03/2024"
"The Crown: Temporada 6: Ritz","25/03/2024"
"Thomas e seus amigos: Thomas Y Sus Amigos: O grande pequeno show ferroviário","25/03/2024"
"Thomas e seus amigos: Thomas Y Sus Amigos: O Amigo peludo de Thomas","24/03/2024"
"Thomas e seus amigos: Thomas Y Sus Amigos: O Melhor amigo de Emily","24/03/2024"
"The Crown: Temporada 6: Alma mater","24/03/2024"
"O Problema dos 3 Corpos: Temporada 1: Contagem regressiva","24/03/2024"
"O Problema dos 3 Corpos: Temporada 1: Barreira","23/03/2024"
"O Problema dos 3 Corpos: Temporada 1: Apenas avance","23/03/2024"
"O Problema dos 3 Corpos: Temporada 1: Estrelas, o Nosso Destino","23/03/2024"
"O Problema dos 3 Corpos: Temporada 1: Juízo Final","23/03/2024"
"O Problema dos 3 Corpos: Temporada 1: Nosso Senhor","23/03/2024"
"O Problema dos 3 Corpos: Temporada 1: Destruidor de Mundos","23/03/2024"
"O Problema dos 3 Corpos: Temporada 1: Costa Vermelha","23/03/2024"
"The Crown: Temporada 6: Ruritânia","23/03/2024"
"O Código Bill Gates: Minissérie: Parte 2","23/03/2024"
"The Crown: Temporada 6: Willmania","22/03/2024"
"The Netflix Slam","04/03/2024"
"The Crown: Temporada 6: Consequências","24/02/2024"
"Heróis fora de órbita","20/02/2024"
"The Crown: Temporada 6: Dis-Moi Oui","13/02/2024"
"The Crown: Temporada 6: Duas fotos","28/01/2024"
"The Crown: Temporada 6: Persona non grata","28/01/2024"
"Star Trek: Prodigy: Temporada 1: Loucura temporal","28/12/2023"
"Ben 10: Temporada 1: Washington A.C.","27/12/2023"
"Star Trek: Prodigy: Temporada 1: Achados e perdidos – Parte 2","27/12/2023"
"Star Trek: Prodigy: Temporada 1: Achados e perdidos – Parte 1","27/12/2023"
"Ben 10: Temporada 1: E então eram 10","24/12/2023"
"O Mundo Depois de Nós","10/12/2023"
"The Crown: Temporada 5: Fora de serviço","15/10/2023"
"The Crown: Temporada 5: Casal 31","15/10/2023"
"Cidade Perdida","15/10/2023"
"Jovem Sheldon: Temporada 1: Piloto","28/08/2023"
"Jornada nas estrelas: Temporada 1: E as meninas, de que são feitas?","07/08/2023"
"Jornada nas estrelas: Temporada 1: O ardil carbomite","07/08/2023"
"Jornada nas estrelas: Temporada 1: Corte marcial","26/06/2023"
"The Crown: Temporada 5: Pólvora","09/06/2023"
"The Crown: Temporada 5: Casa Ipatiev","09/06/2023"
"The Crown: Temporada 5: O que vem pela frente","14/05/2023"
"The Crown: Temporada 5: Nem uma coisa, nem outra","07/05/2023"
"The Crown: Temporada 5: Annus horribilis","02/05/2023"
"Jornada nas Estrelas: A nova geração: Temporada 4: O Melhor de Dois Mundos, Parte II","01/05/2023"
"Jornada nas Estrelas: A nova geração: Temporada 3: O Melhor de Dois Mundos, Parte I","01/05/2023"
"The Crown: Temporada 5: Mou Mou","16/04/2023"
"The Crown: Temporada 5: O sistema","16/04/2023"
"The Crown: Temporada 5: Síndrome da rainha Victória","16/04/2023"
"Jornada nas Estrelas: Deep Space Nine: Temporada 3: A busca, parte 2","04/04/2023"
"Jornada nas Estrelas: Deep Space Nine: Temporada 3: A busca, parte 1","04/04/2023"
"Jornada nas Estrelas: Deep Space Nine: Temporada 7: A face do mal","29/03/2023"
"Jornada nas Estrelas: Deep Space Nine: Temporada 7: Estranhos companheiros","29/03/2023"
"Jornada nas Estrelas: Deep Space Nine: Temporada 7: Até que a morte nos separe","23/03/2023"
"Jornada nas Estrelas: Deep Space Nine: Temporada 7: Ecos do passado","23/03/2023"
"Jornada nas Estrelas: Deep Space Nine: Temporada 7: Sombras e símbolos","23/03/2023"
"Jornada nas Estrelas: Deep Space Nine: Temporada 6: As lágrimas dos profetas","23/03/2023"
"Jornada nas Estrelas: Deep Space Nine: Temporada 6: O embate","21/03/2023"
"Jornada nas Estrelas: Deep Space Nine: Temporada 5: Missão","20/03/2023"
"Jornada nas Estrelas: A nova geração: Temporada 5: Alferes Ro","18/03/2023"
"Jornada nas Estrelas: A nova geração: Temporada 7: A Queda Parte II","18/03/2023"
"Jornada nas Estrelas: A nova geração: Temporada 6: Aquiel","14/03/2023"
"Jornada nas Estrelas: A nova geração: Temporada 6: Navio na Garrafa","14/03/2023"
"Molang: Temporada 4: The Wig","23/02/2023"
"Thomas e Seus Amigos: Trens a Todo Vapor: Temporada 2: Amigos Velozes","23/02/2023"
"Molang: Temporada 4: The Tourney","23/02/2023"
"Molang: Temporada 4: The New World","23/02/2023"
"Molang: Temporada 4: To The Shelter","15/02/2023"
"Caleidoscópio: Minissérie: Violeta (24 anos antes do roubo)","04/01/2023"
"Caleidoscópio: Minissérie: Preto","04/01/2023"
"Jornada nas estrelas: Temporada 1: A hora rubra","29/07/2022"
"Jornada nas estrelas: Temporada 1: O equilíbrio do terror","16/07/2022"
"Jornada nas estrelas: Temporada 1: Semente do espaço","15/07/2022"
"Jornada nas estrelas: Temporada 1: O primeiro comando","11/07/2022"
"Jornada nas estrelas: Temporada 1: A licença","11/07/2022"
"Vai, Cachorro. Vai!: Temporada 2: Esquia, cachorro, esquia!","09/07/2022"
"Jornada nas estrelas: Temporada 1: Arena","05/07/2022"
"Jornada nas estrelas: Temporada 2: Tempo de loucura","24/06/2022"
"Midnight Diner: Tokyo Stories: Temporada 1: Presunto empanado","20/06/2022"
"Pistas de Blue e Você: Temporada 1: Apresentando o Josh!","12/06/2022"
"Jornada nas estrelas: Temporada 2: O lamento por Adônis","09/06/2022"
"Patrulha Canina: Temporada 6: Super filhotes, patinhas poderosas: filhotes contra o Copygato","08/06/2022"
"Patrulha Canina: Temporada 6: Os filhotes salvam os esquilos / Os filhotes salvam um canguru","08/06/2022"
"Patrulha Canina: Temporada 6: Os filhotes salvam o lobo branco / Os filhotes salvam o explorador perdido","08/06/2022"
"Mercury 13 - O Espaço Delas","03/06/2022"
"Jornada nas estrelas: Temporada 1: Amanhã é ontem","03/06/2022"
"Jornada nas estrelas: Temporada 1: A coleção - Parte 1","31/05/2022"
"Patrulha Canina: Temporada 6: Super filhotes, patinhas poderosas: os filhotes e o grande truque dos gêmeos / Super filhotes, patinhas poderosas: os filhotes salvam o megaprefeito","31/05/2022"
"Patrulha Canina: Temporada 6: Os filhotes salvam os ursos / Os filhotes salvam a fazenda sem fazendeira","31/05/2022"
"Patrulha Canina: Temporada 6: Os filhotes salvam os balões dos filhotes / Os filhotes salvam os espiões de aranha","27/05/2022"
"Jornada nas estrelas: Temporada 1: Piloto: A jaula","06/05/2022"
"Jornada nas estrelas: Temporada 3: O sobrevivente","05/05/2022"
"Jornada nas estrelas: Temporada 1: A consciência do rei","02/05/2022"
"Jornada nas estrelas: Temporada 1: A coleção - Parte 2","02/05/2022"
"Jornada nas Estrelas: A nova geração: Temporada 1: Onde Ninguém Jamais Esteve","02/05/2022"
"Jornada nas estrelas: Temporada 1: O estranho Charlie","01/05/2022"
"Jornada nas estrelas: Temporada 1: O sal da terra","01/05/2022"
"Cobra Kai: Temporada 4: Primeiro aprenda a ficar em pé","29/04/2022"
"Cobra Kai: Temporada 4: Vamos lá!","29/04/2022"
"Patrulha Canina: Temporada 6: Super filhotes, patinhas poderosas: os filhotes salvam a galinha gigante / Super filhotes, patinhas poderosas: os filhotes detêm o congelamento de Harold","25/04/2022"
"Patrulha Canina: Temporada 6: Os filhotes salvam a família morcego / Os filhotes salvam o monstro de lama","25/04/2022"
"Patrulha Canina: Temporada 6: Os filhotes salvam o dia diferente / Os filhotes salvam o prefeito descontrolado","25/04/2022"
"À Espreita do Mal","22/04/2022"
"Patrulha Canina: Temporada 6: Super filhotes, patinhas poderosas: os filhotes conhecem os supergêmeos","12/04/2022"
"Patrulha Canina: Temporada 6: Os filhotes salvam os piratas terrestres / Os filhotes salvam os Rodovalhos observadores de pássaros","12/04/2022"
"Patrulha Canina: Temporada 6: Os filhotes salvam o peixe-boi / Os filhotes salvam o café da manhã","12/04/2022"
"Patrulha Canina: Temporada 6: Super filhotes, patinhas poderosas: quando os supergatinhos atacam","29/03/2022"
"Patrulha Canina: Temporada 6: Os filhotes salvam a hora da soneca / Os filhotes salvam o ovo da Galinheta","29/03/2022"
"Patrulha Canina: Temporada 6: Os filhotes salvam o violão do Gustavo / Os filhotes salvam as cabras da Yoga","29/03/2022"
"Patrulha Canina: Temporada 6: Os filhotes e o problema das bolhas fedorentas / Os filhotes salvam os bebês avestruzes","29/03/2022"
"Patrulha Canina: Temporada 6: Resgate extremo: os filhotes salvam os escaladores de montanhas / Resgate extremo: os filhotes salvam o capitão Gordy","29/03/2022"
"Patrulha Canina: Temporada 6: Os filhotes salvam o mel / Os filhotes salvam a bolsa da prefeita Goodway","29/03/2022"
"Jornada nas estrelas: Temporada 1: Deste lado do paraíso","28/03/2022"
"Jornada nas estrelas: Temporada 1: Um gosto de armagedon","28/03/2022"
"Jornada nas estrelas: Temporada 1: A cidade à beira da eternidade","28/03/2022"
"Jornada nas estrelas: Temporada 2: Missão: Terra","28/03/2022"
"Patrulha Canina: Temporada 6: Os filhotes salvam um festival do melão / Os filhotes salvam uma vaca","28/03/2022"
"Patrulha Canina: Temporada 6: Resgate extremo: os filhotes impedem um derretimento / Resgate extremo: os filhotes e o mistério dos celulares desaparecidos","26/03/2022"
"Patrulha Canina: Temporada 6: Os filhotes salvam os pinguins da selva / Os filhotes salvam um cargueiro","26/03/2022"
"Pega Ladrão!","28/02/2022"
"Dunkirk","28/02/2022"
"Aggretsuko: Temporada 4: Encontro","27/02/2022"
"Mighty Express: Temporada 5: Homenagem ao xerife / Dia de pizza","25/02/2022"
"Aggretsuko: Temporada 4: Acesso não autorizado","08/02/2022"
"Aggretsuko: Temporada 4: Recrutamento","02/02/2022"
"Aggretsuko: Temporada 4: Promoção","02/02/2022"
"Aggretsuko: Temporada 4: Luta pela sobrevivência","01/02/2022"
"Aggretsuko: Temporada 4: Opções","01/02/2022"
"Aggretsuko: Temporada 4: Promessas não cumpridas","31/01/2022"
"Aggretsuko: Temporada 4: Trabalho sujo","31/01/2022"
"Aggretsuko: Temporada 4: O chefe novo","30/01/2022"
"Aggretsuko: Temporada 3: Contarei até dez","29/01/2022"
"Aggretsuko: Temporada 4: Um colega","29/01/2022"
"Jornada nas Estrelas: Deep Space Nine: Temporada 6: Valiant","13/01/2022"
"Challenger: Voo Final: Minissérie: O espaço para todos","10/01/2022"
"Jornada nas Estrelas: A nova geração: Temporada 5: Darmok","18/10/2021"
"Vidas ao Vento","08/10/2021"
"Jornada nas Estrelas: A nova geração: Temporada 5: Esquecimento","04/10/2021"
"Star Trek: Voyager: Temporada 5: Noiva de Chaotica","19/07/2021"
"Elize Matsunaga: Era Uma Vez Um Crime: Temporada 1: Estado civil: viúva","19/07/2021"
"The Story of Diana: Temporada 1: Parte 1","22/05/2021"
"The Crown: Temporada 4: Guerra","15/05/2021"
"The Crown: Temporada 4: Avalanche","13/05/2021"
"The Crown: Temporada 4: Quarenta e oito contra um","12/05/2021"
"The Crown: Temporada 4: O princípio da hereditariedade","25/04/2021"
"Borgen: Temporada 1: Episódio 5","19/04/2021"
"The Crown: Temporada 4: Terra de ninguém","17/04/2021"
"The Crown: Temporada 4: Fagan","11/04/2021"
"Borgen: Temporada 1: Episódio 4","10/04/2021"
"The Crown: Temporada 4: Favoritos","05/04/2021"
"Borgen: Temporada 1: Episódio 3","03/04/2021"
"The Crown: Temporada 4: Conto de fadas","27/03/2021"
"Dança dos Pássaros","22/03/2021"
"The Crown: Temporada 4: O teste de Balmoral","21/03/2021"
"Borgen: Temporada 1: Episódio 2","20/03/2021"
"Borgen: Temporada 1: Episódio 1","13/03/2021"
"The Crown: Temporada 4: Guarda-costas","06/03/2021"
"A Guerra dos Samurais: Minissérie: A ascensão de Nobunaga","03/03/2021"
"Professor Polvo","28/02/2021"
"Star Trek: Discovery: Temporada 3: Minha Esperança é Você, Parte 2","24/01/2021"
"Star Trek: Discovery: Temporada 3: Há uma maré...","16/01/2021"
"Star Trek: Discovery: Temporada 3: Su'kal","11/01/2021"
"Cobra Kai - The Afterparty","09/01/2021"
"Cobra Kai: Temporada 3: 19 de dezembro","09/01/2021"
"Cobra Kai: Temporada 3: Natal","07/01/2021"
"Cobra Kai: Temporada 3: O bom, o ruim e o fera","06/01/2021"
"Cobra Kai: Temporada 3: Obstáculos","06/01/2021"
"Cobra Kai: Temporada 3: Rei Cobra","06/01/2021"
"Cobra Kai: Temporada 3: Miyagi-Do","05/01/2021"
"Cobra Kai: Temporada 3: O caminho certo","04/01/2021"
"Cobra Kai: Temporada 3: Vai ter que pagar","04/01/2021"
"Cobra Kai: Temporada 3: Treinamento ou dom inato?","03/01/2021"
"Cobra Kai: Temporada 3: Consequências","03/01/2021"
"Star Trek: Discovery: Temporada 3: Terra Firme Parte 2","03/01/2021"
"Jornada nas Estrelas: A nova geração: Temporada 5: Unificação, Parte I","27/12/2020"
"Star Trek: Discovery: Temporada 3: Terra Firme Parte 1","27/12/2020"
"Star Trek: Discovery: Temporada 3: O Santuário","12/12/2020"
"De Volta para o Futuro","11/12/2020"
"Cobra Kai: Temporada 2: Sem compaixão","07/12/2020"
"Jornada nas Estrelas: A nova geração: Temporada 5: Uma Questão de Tempo","07/12/2020"
"Star Trek: Discovery: Temporada 3: Unificação III","06/12/2020"
"Cobra Kai: Temporada 2: Polvo","05/12/2020"
"Jornada nas Estrelas: A nova geração: Temporada 5: Unificação, Parte II","05/12/2020"
"Cobra Kai: Temporada 2: A vez do amor","04/12/2020"
"Cobra Kai: Temporada 2: Trégua","04/12/2020"
"Cobra Kai: Temporada 2: Vire à direita","04/12/2020"
"Cobra Kai: Temporada 2: Vai com tudo","04/12/2020"
"Cobra Kai: Temporada 2: Momento da verdade","04/12/2020"
"Cobra Kai: Temporada 2: Fogo e gelo","03/12/2020"
"Cobra Kai: Temporada 2: Em busca do equilíbrio","29/11/2020"
"Cobra Kai: Temporada 2: Compaixão – Parte 2","28/11/2020"
"Star Trek: Enterprise: Temporada 1: Sombras de P'Jem","28/11/2020"
"Star Trek: Discovery: Temporada 3: Piratas","28/11/2020"
"Cobra Kai: Temporada 1: Compaixão – Parte 1","27/11/2020"
"Cobra Kai: Temporada 1: Diferentes, mas iguais","26/11/2020"
"Cobra Kai: Temporada 1: Transformação","26/11/2020"
"Cobra Kai: Temporada 1: A competição","25/11/2020"
"Cobra Kai: Temporada 1: Alunos novos","25/11/2020"
"Cobra Kai: Temporada 1: Contrapeso","25/11/2020"
"Cobra Kai: Temporada 1: Cobra Kai para sempre","24/11/2020"
"Cobra Kai: Temporada 1: Esqueleto","24/11/2020"
"Cobra Kai: Temporada 1: Acerte primeiro","24/11/2020"
"Cobra Kai: Temporada 1: Degenerado","23/11/2020"
"Challenger: Voo Final: Minissérie: Socorro!","22/11/2020"
"Star Trek: Discovery: Temporada 3: Morrer Tentando","21/11/2020"
"Jornada nas Estrelas: Deep Space Nine: Temporada 3: Equilíbrio","14/11/2020"
"Star Trek: Discovery: Temporada 3: Não Me Esqueça","14/11/2020"
"Jornada nas Estrelas: Deep Space Nine: Temporada 1: Dax","02/11/2020"
"Jornada nas Estrelas: Deep Space Nine: Temporada 1: O Emissário","31/10/2020"
"Star Trek: Discovery: Temporada 3: Povo da Terra","31/10/2020"
"Star Trek: Discovery: Temporada 3: Longe de casa","25/10/2020"
"Star Trek: Enterprise: Temporada 4: Tempestade temporal - parte 1","22/10/2020"
"Star Trek: Enterprise: Temporada 3: Hora zero","22/10/2020"
"Star Trek: Discovery: Temporada 3: Minha Esperança é Você, Parte 1","19/10/2020"
"Aggretsuko: Temporada 3: Hora de decidir","07/09/2020"
"Aggretsuko: Temporada 3: Fim do sonho?","06/09/2020"
"Aggretsuko: Temporada 3: Uma barreira impenetrável","05/09/2020"
"Aggretsuko: Temporada 3: Encruzilhada","05/09/2020"
"Aggretsuko: Temporada 3: Um ouriço-do-mar no deserto","05/09/2020"
"Aggretsuko: Temporada 3: Mudanças","04/09/2020"
"Aggretsuko: Temporada 3: Gentileza","04/09/2020"
"Jornada nas Estrelas: Deep Space Nine: Temporada 6: Muito além das estrelas","27/08/2020"
"Jornada nas Estrelas: Deep Space Nine: Temporada 6: Quem chora por Morn?","27/08/2020"
"Star Trek: Enterprise: Temporada 1: Onda de choque - parte 1","17/08/2020"
"Star Trek: Enterprise: Temporada 1: Dois dias e duas noites","17/08/2020"
"Jornada nas Estrelas: A nova geração: Temporada 4: Qupido","15/08/2020"
"Jornada nas Estrelas: A nova geração: Temporada 3: Homem de Lata","15/08/2020"
"Jornada nas Estrelas: A nova geração: Temporada 3: As Férias do Capitão","15/08/2020"
"Jornada nas Estrelas: A nova geração: Temporada 1: O Último Guardião","15/08/2020"
"Star Trek – A Série Animada: Temporada 1: Spock ao infinito","14/08/2020"
"Star Trek – A Série Animada: Temporada 1: O sobrevivente","14/08/2020"
"Midnight Diner: Tokyo Stories: Temporada 1: Batata-doce refogada","14/08/2020"
"Midnight Diner: Tokyo Stories: Temporada 1: Fondue chinês","10/08/2020"
"Midnight Diner: Tokyo Stories: Temporada 1: Omuraisu","10/08/2020"
"Midnight Diner: Tokyo Stories: Temporada 1: Tonteki","10/08/2020"
"Jornada nas Estrelas: A nova geração: Temporada 7: Subalternos","06/08/2020"
"Midnight Diner: Tokyo Stories: Temporada 1: Umeboshi e vinho de ameixa","05/08/2020"
"Midnight Diner: Tokyo Stories: Temporada 1: Tamago","27/07/2020"
"Midnight Diner: Tokyo Stories: Temporada 2: Asinhas de frango fritas","27/07/2020"
"Midnight Diner: Tokyo Stories: Temporada 2: Bolinhas de arroz","27/07/2020"
"Bebês em Foco: Parte 2: O que os bebês sabem","20/07/2020"
"Midnight Diner: Tokyo Stories: Temporada 2: Peito de frango frito com queijo","04/07/2020"
"Arremesso Final: Minissérie: Episódio 9","29/06/2020"
"Coisa Mais Linda: Temporada 2: Só as Mulheres","29/06/2020"
"Coisa Mais Linda: Temporada 1: As sonhadoras","29/06/2020"
"Midnight Diner: Tokyo Stories: Temporada 1: Macarrão no Réveillon, de novo","28/06/2020"
"Midnight Diner: Tokyo Stories: Temporada 2: Kitsune udon","28/06/2020"
"Midnight Diner: Tokyo Stories: Temporada 2: Salmão e cogumelos","28/06/2020"
"Midnight Diner: Tokyo Stories: Temporada 2: Omelete enrolado doce","28/06/2020"
"Freud: Temporada 1: Histeria","16/06/2020"
"Arremesso Final: Minissérie: Episódio 8","16/06/2020"
"Arremesso Final: Minissérie: Episódio 7","16/06/2020"
"Sherlock: Temporada 3: A abominável noiva","16/06/2020"
"Midnight Diner: Tokyo Stories: Temporada 2: Macarrão com curry","16/06/2020"
"Indiana Jones e a Última Cruzada","15/06/2020"
"Arremesso Final: Minissérie: Episódio 6","15/06/2020"
"Arremesso Final: Minissérie: Episódio 5","14/06/2020"
"Arremesso Final: Minissérie: Episódio 4","24/05/2020"
"Star Trek: Voyager: Temporada 5: Imagem latente","11/05/2020"
"Uma Segunda Chance: Temporada 1: A vida é cheia de surpresas","05/05/2020"
"Scott Pilgrim contra o mundo","05/05/2020"
"Arremesso Final: Minissérie: Episódio 3","02/05/2020"
"Star Trek: Voyager: Temporada 6: Coletividade","26/04/2020"
"Star Trek: Voyager: Temporada 6: Os espíritos","26/04/2020"
"Arremesso Final: Minissérie: Episódio 1","26/04/2020"
"Arremesso Final: Minissérie: Episódio 2","26/04/2020"
"Jornada nas estrelas: Temporada 3: Síndrome do paraíso","19/04/2020"
"Jornada nas Estrelas: A nova geração: Temporada 2: O Valor de um Homem","18/02/2020"
"Jornada nas Estrelas: Deep Space Nine: Temporada 7: Inter Arma Enim Silent Leges","09/02/2020"
"Jornada nas Estrelas: Deep Space Nine: Temporada 6: Ele e ela","07/02/2020"
"Jornada nas Estrelas: Deep Space Nine: Temporada 6: A qualquer preço","07/02/2020"
"Jornada nas Estrelas: Deep Space Nine: Temporada 7: Imagem na areia","06/02/2020"
"Jornada nas Estrelas: A nova geração: Temporada 3: Caçado","05/02/2020"
"Jornada nas Estrelas: A nova geração: Temporada 3: O Desertor","05/02/2020"
"Jornada nas Estrelas: A nova geração: Temporada 6: A Face do Inimigo","04/02/2020"
"Jornada nas Estrelas: A nova geração: Temporada 7: Fantasmas","03/02/2020"
"Jornada nas Estrelas: A nova geração: Temporada 7: O Golpe Parte II","03/02/2020"
"Jornada nas Estrelas: A nova geração: Temporada 7: O Golpe Parte I","03/02/2020"
"Jornada nas estrelas: Temporada 3: O incidente Enterprise","02/02/2020"
"Jornada nas Estrelas: A nova geração: Temporada 7: Paralelos","29/01/2020"
"Jornada nas Estrelas: A nova geração: Temporada 7: Herança","28/01/2020"
"Grandes Momentos da Segunda Guerra em Cores: Temporada 1: Guerra-relâmpago","28/01/2020"
"Jornada nas Estrelas: A nova geração: Temporada 3: Pecados Paternos","25/01/2020"
"Jornada nas Estrelas: A nova geração: Temporada 3: Descendência","25/01/2020"
"Jornada nas Estrelas: A nova geração: Temporada 4: O Diário de Data","23/01/2020"
"Jornada nas Estrelas: A nova geração: Temporada 2: A Herdeira","23/01/2020"
"Raça","23/01/2020"
"Jornada nas Estrelas: A nova geração: Temporada 7: Rumando para Casa","14/01/2020"
"Jornada nas Estrelas: A nova geração: Temporada 7: Pégasus","14/01/2020"
"Star Trek: Discovery: Temporada 2: Irmão","13/01/2020"
"Drácula: Temporada 1: As regras das trevas","08/01/2020"
"Drácula: Temporada 1: Sangue a bordo","08/01/2020"
"Midnight Diner: Tokyo Stories: Temporada 2: Siri e Toshikoshi soba","06/01/2020"
"Midnight Diner: Tokyo Stories: Temporada 2: Cachorro-quente de yakisoba","30/12/2019"
"Perdidos no Espaço: Temporada 2: Isolados","30/12/2019"
"O Irlandês","30/12/2019"
"Cegos, Surdos e Loucos","26/12/2019"
"Dois Papas","23/12/2019"
"Midnight Diner: Tokyo Stories: Temporada 2: Arroz frito com frango","23/12/2019"
"The Crown: Temporada 3: Cri de coeur","21/12/2019"
"The Crown: Temporada 3: Imbróglio","15/12/2019"
"The Crown: Temporada 3: Na corda bamba","14/12/2019"
"The Crown: Temporada 3: Poeira lunar","09/12/2019"
"The Crown: Temporada 3: Tywysog Cymru","09/12/2019"
"The Crown: Temporada 3: Golpe","09/12/2019"
"The Crown: Temporada 3: Bubbikins","09/12/2019"
"The Crown: Temporada 3: Aberfan","08/12/2019"
"The Crown: Temporada 3: Margaretologia","04/12/2019"
"The Crown: Temporada 3: Olding","01/12/2019"
"Brinquedos que Marcam Época: Temporada 3: Tartarugas Ninja","26/11/2019"
"Minecraft: Story Mode: Temporada 1: A Ordem da Pedra","24/11/2019"
"Um Homem de Sorte","16/11/2019"
"Star Trek: Voyager: Temporada 4: A dádiva","07/11/2019"
"Star Trek: Voyager: Temporada 4: Escorpião: Parte 2","07/11/2019"
"Star Trek: Voyager: Temporada 3: Escorpião: Parte 1","06/11/2019"
"Star Trek: Enterprise: Temporada 2: Primeiro voo","07/10/2019"
"Star Trek: Enterprise: Temporada 1: Broken Bow","07/10/2019"
"Stranger Things: Stranger Things 3: Capítulo oito: A batalha de Starcourt","25/08/2019"
"Stranger Things: Stranger Things 3: Capítulo sete: A mordida","23/08/2019"
"Jornada nas Estrelas: A nova geração: Temporada 6: A Queda, Parte I","22/08/2019"
"Stranger Things: Stranger Things 3: Capítulo seis: E pluribus unum","22/08/2019"
"Jornada nas Estrelas: A nova geração: Temporada 6: Demência","21/08/2019"
"Stranger Things: Stranger Things 3: Capítulo cinco: Os devorados","21/08/2019"
"Jornada nas Estrelas: A nova geração: Temporada 5: Eu, Borg","26/07/2019"
"Jornada nas Estrelas: A nova geração: Temporada 4: Família","24/07/2019"
"Stranger Things: Stranger Things 3: Capítulo dois: O caso dos ratos","23/07/2019"
"Jornada nas Estrelas: A nova geração: Temporada 7: Ligações","21/07/2019"
"Stranger Things: Stranger Things 3: Capítulo um: Está me ouvindo, Suzie?","16/07/2019"
"Star Trek: Voyager: Temporada 6: Virtuoso","15/07/2019"
"Star Trek: Voyager: Temporada 6: Num piscar de olhos","15/07/2019"
"Lemony Snicket: Desventuras em Série: Temporada 3: A Gruta Gorgônea: Volume 2","15/07/2019"
"Lemony Snicket: Desventuras em Série: Temporada 1: Mau Começo: Volume 1","15/07/2019"
"Aggretsuko: Temporada 2: Vida maravilhosa","15/07/2019"
"Aggretsuko: Temporada 2: Ela sonha","15/07/2019"
"Aggretsuko: Temporada 2: Ele mora acima das nuvens","15/07/2019"
"Aggretsuko: Temporada 2: Afeição cada vez maior","15/07/2019"
"Star Trek: Discovery: Temporada 1: Lete","12/07/2019"
"Star Trek: Discovery: Temporada 1: Escolha sua dor","12/07/2019"
"Aggretsuko: Temporada 2: Futuro desconhecido","11/07/2019"
"Aggretsuko: Temporada 2: Pela união","11/07/2019"
"Aggretsuko: Temporada 2: Impacto inevitável","11/07/2019"
"Aggretsuko: Temporada 2: Atraso duplo","10/07/2019"
"Aggretsuko: Temporada 2: O novo contratado Anai","10/07/2019"
"Aggretsuko: Temporada 2: Hora de crescer","09/07/2019"
"Aggretsuko: Temporada 1: Uma garota esforçada","09/07/2019"
"O Abismo Mágico: Temporada 1: Episódio 16","09/07/2019"
"O Abismo Mágico: Temporada 1: Episódio 15","08/07/2019"
"Cine Gibi: Turma da Mônica: Cine Gibi 1, O Filme","08/07/2019"
"Especiais temáticos da turma da Mônica: Turma da Mônica - As doze badaladas dos sinos de Natal","08/07/2019"
"Mônica Toy: Collection: Mônica Toy Collection: Temporada 1","07/07/2019"
"O Abismo Mágico: Temporada 1: Episódio 14","07/07/2019"
"O Abismo Mágico: Temporada 1: Episódio 13","06/07/2019"
"O Abismo Mágico: Temporada 1: Episódio 12","02/07/2019"
"O Abismo Mágico: Temporada 1: Episódio 11","01/07/2019"
"Jornada nas Estrelas: A nova geração: Temporada 4: Meia Vida","01/07/2019"
"Jornada nas Estrelas: A nova geração: Temporada 4: Inquisição","01/07/2019"
"7SEEDS: Parte 1: A primavera começa","01/07/2019"
"Mistério no Mediterrâneo","30/06/2019"
"O Abismo Mágico: Temporada 1: Episódio 10","30/06/2019"
"O Abismo Mágico: Temporada 1: Episódio 9","29/06/2019"
"Star Trek: Discovery: Temporada 1: A faca do açougueiro não ouve o berro do cordeiro","26/06/2019"
"Star Trek – A Série Animada: Temporada 1: Era uma vez um planeta","26/06/2019"
"Jornada nas Estrelas: A nova geração: Temporada 6: Direito de Nascença, Parte I","23/06/2019"
"Jornada nas Estrelas: A nova geração: Temporada 6: Trama","23/06/2019"
"Guerras do Brasil.doc: A revolução de 1930","18/06/2019"
"Guerras do Brasil.doc: As Guerras da Conquista","18/06/2019"
"Jornada nas estrelas: Temporada 3: Todos os nossos ontens","17/06/2019"
"Star Trek: Discovery: Temporada 1: Contexto é para reis","16/06/2019"
"O Abismo Mágico: Temporada 1: Episódio 8","13/06/2019"
"Star Trek: Discovery: Temporada 1: Batalha das Estrelas Binárias","12/06/2019"
"Star Trek: Discovery: Temporada 1: O olá vulcano","12/06/2019"
"O Abismo Mágico: Temporada 1: Episódio 7","10/06/2019"
"O Abismo Mágico: Temporada 1: Episódio 6","09/06/2019"
"O Abismo Mágico: Temporada 1: Episódio 5","07/06/2019"
"Black Mirror: Temporada 5: Striking Vipers","07/06/2019"
"O Abismo Mágico: Temporada 1: Episódio 4","05/06/2019"
"O Abismo Mágico: Temporada 1: Episódio 3","05/06/2019"
"O Abismo Mágico: Temporada 1: Episódio 2","03/06/2019"
"O Abismo Mágico: Temporada 1: Episódio 1","03/06/2019"
"A Garota que conquistou o tempo","20/05/2019"
"Os caça-fantasmas","20/05/2019"
"Jornada nas estrelas: Temporada 2: Um lobo entre os cordeiros","02/05/2019"
"Star Trek: Discovery: Temporada 2: Se não me falha a memória","02/05/2019"
"Star Trek: Discovery: Temporada 2: Doce tristeza - Parte 2","28/04/2019"
"Você Radical: Temporada 1: Operação resgate na selva - parte 1","28/04/2019"
"The Umbrella Academy: Temporada 1: O violino branco","28/04/2019"
"The Umbrella Academy: Temporada 1: Mudanças","27/04/2019"
"Star Trek: Discovery: Temporada 2: Doce tristeza - Parte 1","27/04/2019"
"Star Trek: Discovery: Temporada 2: Pelo Vale das Sombras","26/04/2019"
"The Umbrella Academy: Temporada 1: Ouvi um boato","26/04/2019"
"The Umbrella Academy: Temporada 1: O dia que aconteceu","25/04/2019"
"Star Trek: Enterprise: Temporada 2: Futuro do presente","24/04/2019"
"The Umbrella Academy: Temporada 1: O dia que não aconteceu","24/04/2019"
"The Umbrella Academy: Temporada 1: Número Cinco","21/04/2019"
"Jornada nas Estrelas: A nova geração: Temporada 5: Time's Arrow: Parte 1","21/04/2019"
"Star Trek: Enterprise: Temporada 2: Onda de choque - parte 2","21/04/2019"
"The Umbrella Academy: Temporada 1: Sentado na Lua","20/04/2019"
"Star Trek: Enterprise: Temporada 2: Carbon Creek","20/04/2019"
"Jornada nas Estrelas: A nova geração: Temporada 2: Elementar, Meu Caro Data","19/04/2019"
"The Umbrella Academy: Temporada 1: Comum (só que não)","19/04/2019"
"The Umbrella Academy: Temporada 1: Corre, cara, corre","18/04/2019"
"The Umbrella Academy: Temporada 1: A gente só se encontra em casamentos e funerais","14/04/2019"
"Jornada nas Estrelas: A nova geração: Temporada 2: Q Quem?","12/04/2019"
"Jornada nas Estrelas: A nova geração: Temporada 5: O Primeiro Dever","08/04/2019"
"Romance Is a Bonus Book: Temporada 1: Episódio 16","05/04/2019"
"Romance Is a Bonus Book: Temporada 1: Episódio 15","04/04/2019"
"Romance Is a Bonus Book: Temporada 1: Episódio 14","03/04/2019"
"Romance Is a Bonus Book: Temporada 1: Episódio 12","01/04/2019"
"Jornada nas Estrelas: Deep Space Nine: Temporada 4: O visitante","01/04/2019"
"Romance Is a Bonus Book: Temporada 1: Episódio 11","31/03/2019"
"Star Trek: Discovery: Temporada 2: Infinito perpétuo","30/03/2019"
"Romance Is a Bonus Book: Temporada 1: Episódio 10","30/03/2019"
"Romance Is a Bonus Book: Temporada 1: Episódio 9","29/03/2019"
"Romance Is a Bonus Book: Temporada 1: Episódio 8","28/03/2019"
"Romance Is a Bonus Book: Temporada 1: Episódio 7","27/03/2019"
"Romance Is a Bonus Book: Temporada 1: Episódio 6","26/03/2019"
"Romance Is a Bonus Book: Temporada 1: Episódio 5","25/03/2019"
"Romance Is a Bonus Book: Temporada 1: Episódio 4","24/03/2019"
"Star Trek: Discovery: Temporada 2: O anjo vermelho","24/03/2019"
"Romance Is a Bonus Book: Temporada 1: Episódio 3","22/03/2019"
"Romance Is a Bonus Book: Temporada 1: Episódio 2","21/03/2019"
"Romance Is a Bonus Book: Temporada 1: Episódio 1","20/03/2019"
"Star Trek: Discovery: Temporada 2: Projeto Dédalo","16/03/2019"
"Aggretsuko: Feliz Natal Metaleiro","13/03/2019"
"Star Trek: Discovery: Temporada 2: Luz e sombras","04/03/2019"
"Star Trek: Discovery: Temporada 2: O som do trovão","03/03/2019"
"O Fotógrafo de Mauthausen","25/02/2019"
"Jornada nas Estrelas: Deep Space Nine: Temporada 4: Indiscrição","25/02/2019"
"Jornada nas Estrelas: Deep Space Nine: Temporada 4: Juramento de Hipócrates","25/02/2019"
"Black Mirror: Bandersnatch","24/02/2019"
"Star Trek: Discovery: Temporada 2: Santos da imperfeição","23/02/2019"
"Jornada nas Estrelas II - A Ira de Khan","22/02/2019"
"Star Trek: Sem Fronteiras","21/02/2019"
"Star Trek: Enterprise: Temporada 4: Divergência","17/02/2019"
"Star Trek: Enterprise: Temporada 4: Praga","17/02/2019"
"Jornada nas Estrelas: A nova geração: Temporada 5: Luz Interior","11/02/2019"
"Star Trek: Discovery: Temporada 2: Uma moeda para Caronte","10/02/2019"
"Star Trek: Enterprise: Temporada 2: Campo minado","09/02/2019"
"Jornada nas Estrelas: A nova geração: Temporada 6: Legítimo Herdeiro","08/02/2019"
"Star Trek: Discovery: Temporada 2: Ponto de luz","08/02/2019"
"Star Trek: Discovery: Temporada 2: Novo Éden","08/02/2019"
"Star Trek: Discovery: Temporada 1: O lobo interior","01/02/2019"
"Star Trek: Discovery: Temporada 1: Ambição desmedida","01/02/2019"
"Jornada nas estrelas: Temporada 2: Uma guerra particular","25/01/2019"
"Jornada nas Estrelas: A nova geração: Temporada 3: O Preço","23/01/2019"
"Jornada nas Estrelas: Deep Space Nine: Temporada 6: Inquisição","17/01/2019"
"Star Trek: Discovery: Temporada 1: Segure a minha mão?","13/01/2019"
"Titãs: Temporada 1: Titãs","13/01/2019"
"Os 3 Lá Embaixo: Contos da Arcadia: Parte 1: Terra desconhecida - Parte 2","06/01/2019"
"Os 3 Lá Embaixo: Contos da Arcadia: Parte 1: Terra desconhecida - Parte 1","06/01/2019"
"Jornada nas estrelas: Temporada 2: Eu, Mudd","05/01/2019"
"Cavalo de Guerra","27/12/2018"
"Jornada nas Estrelas: A nova geração: Temporada 2: Correspondentes","17/12/2018"
"Silicon Cowboys","10/12/2018"
"Jornada nas estrelas: Primeiro contato","10/12/2018"
"Mogli - Entre Dois Mundos","10/12/2018"
"Steve Jobs: The Lost Interview","09/12/2018"
"Star Trek: Discovery: Temporada 1: A guerra por fora, a guerra por dentro","06/12/2018"
"Star Trek: Discovery: Temporada 1: O passado é um prólogo","06/12/2018"
"Star Trek: Discovery: Temporada 1: Apesar de você","05/12/2018"
"Jornada nas estrelas: Temporada 2: A caminho de Babel","03/12/2018"
"Hitler's Circle of Evil: Temporada 1: Colapso","03/12/2018"
"Hitler's Circle of Evil: Temporada 1: O começo do fim","02/12/2018"
"Hitler's Circle of Evil: Temporada 1: A ascensão dos bajuladores","02/12/2018"
"1983: Temporada 1: Envolvimento","02/12/2018"
"Hitler's Circle of Evil: Temporada 1: Ascensão e queda de Reinhard Heydrich","02/12/2018"
"Hitler's Circle of Evil: Temporada 1: A loucura de Rudolf Hess","02/12/2018"
"Hitler's Circle of Evil: Temporada 1: O grupo de Berghof","02/12/2018"
"Hitler's Circle of Evil: Temporada 1: O avanço do antissemitismo","02/12/2018"
"Hitler's Circle of Evil: Temporada 1: A queda de Röhm","29/11/2018"
"Hitler's Circle of Evil: Temporada 1: Reagrupando","24/11/2018"
"Hitler's Circle of Evil: Temporada 1: Heróis e desajustados","22/11/2018"
"Next Gen","22/11/2018"
"Batman Ninja","22/11/2018"
"Star Trek: Discovery: Temporada 1: Para a floresta eu vou","19/11/2018"
"Jornada nas Estrelas: A nova geração: Temporada 4: Futuro Imperfeito","18/11/2018"
"Marte: Temporada 1: Com os pés no chão","30/09/2018"
"Marte: Temporada 1: Um novo lar","30/09/2018"
"Kiss Me First: Temporada 1: Alguma coisa ela fez","07/08/2018"
"Final Space: Temporada 1: Capítulo 1","07/08/2018"
"O Mecanismo: Temporada 1: Lava Jato","06/08/2018"
"O experimento de Milgram","06/08/2018"
"Perdidos no Espaço: Temporada 1: Perigo, Will Robinson!","23/07/2018"
"Perdidos no Espaço: Temporada 1: Ressurreição","23/07/2018"
"Perdidos no Espaço: Temporada 1: Trajetória","22/07/2018"
"Perdidos no Espaço: Temporada 1: Pressurizado","22/07/2018"
"Perdidos no Espaço: Temporada 1: Homenagem póstuma","17/07/2018"
"Perdidos no Espaço: Temporada 1: Transmissão","10/07/2018"
"Perdidos no Espaço: Temporada 1: Os Robinsons estiveram aqui","10/07/2018"
"Perdidos no Espaço: Temporada 1: Infestação","05/07/2018"
"Perdidos no Espaço: Temporada 1: Diamantes no céu","02/07/2018"
"Perdidos no Espaço: Temporada 1: Impacto","01/07/2018"
"A Casa de Pequenos Cubinhos","20/06/2018"
"Uma Mulher Espetacular: Temporada 1: Episódio 5","17/06/2018"
"Enfeitiçado","17/06/2018"
"Jornada nas estrelas: Temporada 3: O piscar de um olho","02/06/2018"
"Já não me sinto em casa nesse mundo","01/06/2018"
"Brinquedos que Marcam Época: Temporada 2: Jornada nas Estrelas","31/05/2018"
"Thi Mai","31/05/2018"
"A Segunda Guerra em Cores: World War II in Colour: Mediterrâneo e Norte da África","30/05/2018"
"Star Trek: Enterprise: Temporada 4: Estas são as viagens...","19/05/2018"
"Star Trek: Enterprise: Temporada 4: Terra Prime","18/05/2018"
"Star Trek: Enterprise: Temporada 4: Demônios","18/05/2018"
"A Segunda Guerra em Cores: World War II in Colour: Sol nascente desenfreado","14/05/2018"
"A Segunda Guerra em Cores: World War II in Colour: Hitler ataca o leste","13/05/2018"
"3%: Temporada 2: Capítulo 10: Sangue","13/05/2018"
"3%: Temporada 2: Capítulo 9: Colar","13/05/2018"
"3%: Temporada 2: Capítulo 08: Sapos","13/05/2018"
"A Segunda Guerra em Cores: World War II in Colour: Grã-Bretanha contida","13/05/2018"
"A Segunda Guerra em Cores: World War II in Colour: Guerra-relâmpago","13/05/2018"
"A Segunda Guerra em Cores: World War II in Colour: A tempestade se avizinha","13/05/2018"
"3%: Temporada 2: Capítulo 07: Névoa","12/05/2018"
"3%: Temporada 2: Capítulo 06: Garrafas","11/05/2018"
"3%: Temporada 2: Capítulo 05: Lampião","09/05/2018"
"American Experience: Tesla","07/05/2018"
"3%: Temporada 2: Capítulo 04: Guardanapo","07/05/2018"
"Aggretsuko: Temporada 1: Um dia na vida de Retsuko","06/05/2018"
"Aggretsuko: Temporada 1: O fim do sonho","06/05/2018"
"Aggretsuko: Temporada 1: Um mundo cor-de-rosa","06/05/2018"
"Aggretsuko: Temporada 1: O Príncipe Egoísta","06/05/2018"
"Aggretsuko: Temporada 1: Karaokê","06/05/2018"
"Aggretsuko: Temporada 1: Puxa-saco","06/05/2018"
"Aggretsuko: Temporada 1: Segredo revelado","06/05/2018"
"Aggretsuko: Temporada 1: Casamento","06/05/2018"
"Aggretsuko: Temporada 1: Parasita","06/05/2018"
"3%: Temporada 2: Capítulo 03: Estática","04/05/2018"
"3%: Temporada 2: Capítulo 02: Torradeira","03/05/2018"
"Jornada nas estrelas: Temporada 3: O mundo finito","29/04/2018"
"3%: Temporada 2: Capítulo 1: Espelho","29/04/2018"
"O Jogo da Imitação","29/04/2018"
"Jornada nas Estrelas: A nova geração: Temporada 7: Página Sombria","05/04/2018"
"O Mecanismo: Temporada 1: Juízo final","01/04/2018"
"O Mecanismo: Temporada 1: O último respiro","31/03/2018"
"O Mecanismo: Temporada 1: Eles sabiam de tudo","31/03/2018"
"O Mecanismo: Temporada 1: Olhos vermelhos","30/03/2018"
"O Mecanismo: Temporada 1: Fundo falso","29/03/2018"
"O Mecanismo: Temporada 1: Ventos frios vindos do sul","29/03/2018"
"O Mecanismo: Temporada 1: Halawi","28/03/2018"
"Jornada nas estrelas: Temporada 2: O computador supremo","27/03/2018"
"A Reconquista","25/03/2018"
"The Cloverfield Paradox","19/03/2018"
"Bright","11/03/2018"
"Ícaro","18/02/2018"
"After Trek: Temporada 1: Episódio 14","15/02/2018"
"Star Trek","15/02/2018"
"O próximo convidado dispensa apresentação com David Letterman: Temporada 1: Barack Obama","12/02/2018"
"After Trek: Temporada 1: Episódio 11","10/02/2018"
"Jornada nas Estrelas: A nova geração: Temporada 2: Uma Questão de Honra","09/02/2018"
"After Trek: Temporada 1: Episódio 13","09/02/2018"
"Jornada nas Estrelas: Deep Space Nine: Temporada 6: Ressurreição","05/02/2018"
"Jornada nas Estrelas: A nova geração: Temporada 2: O Audacioso Okona","04/02/2018"
"Jornada nas Estrelas: Deep Space Nine: Temporada 6: Os magníficos ferengis","04/02/2018"
"After Trek: Temporada 1: Episódio 12","01/02/2018"
"Jornada nas Estrelas: A nova geração: Temporada 6: Segunda Chance","28/01/2018"
"Star Trek: Enterprise: Temporada 4: Reflexo sombrio - parte 2","26/01/2018"
"Jornada nas Estrelas: Deep Space Nine: Temporada 3: O outro lado do espelho","22/01/2018"
"Jornada nas Estrelas: Deep Space Nine: Temporada 5: Pingos às pencas","22/01/2018"
"Jornada nas estrelas: Temporada 2: O reflexo no espelho","22/01/2018"
"After Trek: Temporada 1: Episódio 10","19/01/2018"
"Peru: Tesouro Escondido","15/01/2018"
"Star Trek: Voyager: Temporada 4: Testemunha viva","15/01/2018"
"Luther: Temporada 1: Episódio 1","14/01/2018"
"Jornada nas Estrelas: Deep Space Nine: Temporada 2: Espelho, espelho meu","14/01/2018"
"Star Trek: Voyager: Temporada 1: Heróis e demônios","13/01/2018"
"After Trek: Temporada 1: Episódio 9","12/01/2018"
"Jornada nas Estrelas: A nova geração: Temporada 4: Reencontro","10/01/2018"
"Jornada nas estrelas: Temporada 3: A teia tholiana","08/01/2018"
"O Lugar Prometido em Nossa Juventude","07/01/2018"
"After Trek: Temporada 1: Episódio 1","06/01/2018"
"Jornada nas estrelas: Temporada 3: A marca de Gideon","06/01/2018"
"Jornada nas estrelas: Temporada 1: Missão de misericórdia","04/01/2018"
"O Nome da Rosa","03/01/2018"
"Black Mirror: Temporada 4: USS Callister","31/12/2017"
"LEGO Star Wars: The Yoda Chronicles: Temporada 1: O clone fantasma","30/12/2017"
"Era uma vez: Temporada 2: Maldição quebrada","29/12/2017"
"Batendo Novamente: Temporada 1: Episódio 1","29/12/2017"
"Your Name","29/12/2017"
"Jornada nas Estrelas: A nova geração: Temporada 4: Contatos Imediatos","27/12/2017"
"The Crown: Temporada 2: Homem misterioso","23/12/2017"
"Cosmos: Uma Odisseia do Espaço-Tempo: Temporada 1: Quando o Conhecimento Venceu o Medo","23/12/2017"
"Cosmos: Uma Odisseia do Espaço-Tempo: Temporada 1: Coisas que as Moléculas Fazem","21/12/2017"
"Jornada nas Estrelas: A nova geração: Temporada 3: Elo Perdido","21/12/2017"
"The Crown: Temporada 2: Paterfamilias","20/12/2017"
"The Crown: Temporada 2: Cara Sra. Kennedy","19/12/2017"
"Star Trek: Discovery: Temporada 1: Se queres a paz, prepara-te para a Guerra","19/12/2017"
"Star Trek: Discovery: Temporada 1: Magia para fazer o homem mais são ficar louco","18/12/2017"
"The Crown: Temporada 2: Matrimonium","17/12/2017"
"Star Trek: Enterprise: Temporada 4: Reflexo sombrio - parte 1","17/12/2017"
"The Crown: Temporada 2: Vergangenheit","17/12/2017"
"Star Trek: Enterprise: Temporada 4: Amarrados","17/12/2017"
"The Crown: Temporada 2: Marionetes","16/12/2017"
"The Crown: Temporada 2: Beryl","11/12/2017"
"The Crown: Temporada 2: Lisboa","11/12/2017"
"The Crown: Temporada 2: Uma companhia masculina","10/12/2017"
"The Crown: Temporada 2: Desventura","10/12/2017"
"Marvel - O Justiceiro: Temporada 1: Três da madrugada","08/12/2017"
"Star Trek: Enterprise: Temporada 4: Babel 1","06/12/2017"
"Armadilhas do Amor","06/12/2017"
"Star Trek – A Série Animada: Temporada 2: Paralelos","06/12/2017"
"Star Trek: Enterprise: Temporada 4: Daedelus","27/11/2017"
"Jornada nas Estrelas: Deep Space Nine: Temporada 4: O caminho do guerreiro","22/11/2017"
"Star Trek: Voyager: Temporada 7: Profecia","20/11/2017"
"Jornada nas estrelas: Temporada 1: Miri","20/11/2017"
"Jornada nas estrelas: Temporada 1: Onde nenhum homem jamais esteve","19/11/2017"
"After Trek: Temporada 1: Episódio 8","16/11/2017"
"After Trek: Temporada 1: Episódio 3","15/11/2017"
"After Trek: Temporada 1: Episódio 7","13/11/2017"
"Jornada nas Estrelas: A nova geração: Temporada 4: Irmãos","10/11/2017"
"Jornada nas Estrelas: A nova geração: Temporada 3: Sarek","10/11/2017"
"After Trek: Temporada 1: Episódio 2","10/11/2017"
"Star Trek: Voyager: Temporada 4: O jogo da morte: Parte 1","10/11/2017"
"Star Trek: Voyager: Temporada 2: Simulacros","10/11/2017"
"The Captains","06/11/2017"
"Star Trek: Enterprise: Temporada 4: Kir'Shara","05/11/2017"
"Star Trek: Enterprise: Temporada 4: O despertar","05/11/2017"
"After Trek: Temporada 1: Episódio 6","04/11/2017"
"Chaos on the Bridge","04/11/2017"
"Nossas Noites","03/11/2017"
"Jornada nas Estrelas: Deep Space Nine: Temporada 2: Juramento de sangue","03/11/2017"
"Jornada nas Estrelas: Deep Space Nine: Temporada 4: Fogo cruzado","03/11/2017"
"Jornada nas estrelas: Temporada 2: Problemas aos pingos","01/11/2017"
"Star Trek: Enterprise: Temporada 4: No deserto de Vulcano","30/10/2017"
"Jornada nas estrelas: Temporada 1: O punhal imaginário","30/10/2017"
"Star Trek: Enterprise: Temporada 4: Os aumentados","30/10/2017"
"Star Trek: Enterprise: Temporada 4: Estação Polar 12","29/10/2017"
"After Trek: Temporada 1: Episódio 5","29/10/2017"
"Star Trek: Enterprise: Temporada 4: Fronteira","23/10/2017"
"Star Trek: Enterprise: Temporada 4: Lar","23/10/2017"
"After Trek: Temporada 1: Episódio 4","22/10/2017"
"Jornada nas estrelas: Temporada 1: As mulheres de Mudd","22/10/2017"
"Jornada nas estrelas: Temporada 1: O demônio da escuridão","19/10/2017"
"Star Trek: Enterprise: Temporada 4: Os aenars","17/10/2017"
"Star Trek: Enterprise: Temporada 2: Julgamento","16/10/2017"
"Star Trek: Enterprise: Temporada 2: Cessar-fogo","25/09/2017"
"Star Trek: Enterprise: Temporada 2: Estigma","25/09/2017"
"Jornada nas Estrelas: A nova geração: Temporada 6: A Busca","24/09/2017"
"Jornada nas Estrelas: A nova geração: Temporada 6: Lições","18/09/2017"
"Jornada nas Estrelas: A nova geração: Temporada 7: Conhece-te a Ti Mesmo","04/09/2017"
"Star Trek: Enterprise: Temporada 2: Amanhecer","04/09/2017"
"Cosmos: Uma Odisseia do Espaço-Tempo: Temporada 1: Sala Limpa","31/08/2017"
"Cosmos: Uma Odisseia do Espaço-Tempo: Temporada 1: O Visionário da Eletricidade","21/08/2017"
"Star Trek: Enterprise: Temporada 2: A passarela","31/07/2017"
"Star Trek: Enterprise: Temporada 2: Carga preciosa","24/07/2017"
"Star Trek: Enterprise: Temporada 2: Ponto de fuga","27/05/2017"
"Star Trek: Enterprise: Temporada 2: Singularidade","20/05/2017"
"Star Trek: Enterprise: Temporada 2: O comunicador","08/05/2017"
"Star Trek: Enterprise: Temporada 2: O sétimo","16/04/2017"
"Star Trek: Enterprise: Temporada 2: Saqueadores","16/04/2017"
"Star Trek: Enterprise: Temporada 2: Uma noite na enfermaria","15/04/2017"
"Star Trek: Enterprise: Temporada 2: Ponto morto","15/04/2017"
"Jornada nas Estrelas: Deep Space Nine: Temporada 4: Paraíso perdido","10/04/2017"
"O Sol é para Todos","10/04/2017"
"Sherlock: Temporada 3: O sinal dos três","09/04/2017"
"Um Conto De Natal","02/04/2017"
"Como não Esquecer essa Garota","27/03/2017"
"Monty Python - O Sentido da Vida","26/03/2017"
"Star Trek: Enterprise: Temporada 1: Travessia no deserto","25/03/2017"
"Star Trek: Enterprise: Temporada 1: Herói em decadência","23/03/2017"
"Star Trek: Enterprise: Temporada 1: Vox Sola","20/03/2017"
"Star Trek: Enterprise: Temporada 1: Detidos","20/03/2017"
"Star Trek: Enterprise: Temporada 1: Oásis","19/03/2017"
"Star Trek: Enterprise: Temporada 1: Aquisição","13/03/2017"
"Star Trek: Enterprise: Temporada 1: Planeta errante","13/03/2017"
"O homem que viu o infinito","12/03/2017"
"Star Trek: Enterprise: Temporada 1: Fusão","09/03/2017"
"Star Trek: Enterprise: Temporada 1: Cápsula Auxiliar I","09/03/2017"
"Sherlock: Temporada 2: Um escândalo em Belgrávia","05/03/2017"
"The Crown: Temporada 1: Gloriana","04/03/2017"
"The Crown: Temporada 1: Assassinos","03/03/2017"
"The Crown: Temporada 1: Orgulho e Alegria","02/03/2017"
"The Crown: Temporada 1: Saber é Poder","26/02/2017"
"Star Trek: Enterprise: Temporada 1: Cães adormecidos","21/02/2017"
"The Crown: Temporada 1: Explosivo","20/02/2017"
"The Royals: Temporada 1: Casamentos da Realeza","20/02/2017"
"The Crown: Temporada 1: Ilusões","20/02/2017"
"The Crown: Temporada 1: Ato Divino","19/02/2017"
"The Crown: Temporada 1: Windsor","19/02/2017"
"THX 1138","13/02/2017"
"The Crown: Temporada 1: Hyde Park Corner","13/02/2017"
"A Máquina do Tempo","12/02/2017"
"The Crown: Temporada 1: Wolferton Splash","12/02/2017"
"Uma Mulher Espetacular: Temporada 1: Episódio 4","11/02/2017"
"Uma Mulher Espetacular: Temporada 1: Episódio 3","11/02/2017"
"Star Trek: Enterprise: Temporada 1: Caro Doutor","08/02/2017"
"Uma Mulher Espetacular: Temporada 1: Episódio 2","29/01/2017"
"Star Trek: Enterprise: Temporada 1: Inimigo silencioso","29/01/2017"
"Olga","29/01/2017"
"Jornada nas Estrelas: A nova geração: Temporada 3: Ménage à Troi","29/01/2017"
"Star Trek: Enterprise: Temporada 1: Frente fria","24/01/2017"
"Star Trek: Enterprise: Temporada 1: Mercadores do espaço","24/01/2017"
"Uma Mulher Espetacular: Temporada 1: Episódio 1","23/01/2017"
"Good Morning Call: Temporada 1: Enfim a sós","23/01/2017"
"Codegirl","23/01/2017"
"Star Trek: Enterprise: Temporada 1: Civilização","20/01/2017"
"Star Trek: Enterprise: Temporada 1: Quebrando o gelo","19/01/2017"
"Star Trek: Enterprise: Temporada 1: O incidente andoriano","16/01/2017"
"Star Trek: Enterprise: Temporada 1: Terra Nova","16/01/2017"
"Star Trek: Enterprise: Temporada 1: Inesperado","12/01/2017"
"Star Trek: Enterprise: Temporada 1: Explorar novos mundos","12/01/2017"
"Star Trek: Enterprise: Temporada 1: Luta ou fuga","12/01/2017"
"Contos Do Edgar: Season 1: Íris","11/01/2017"
"Jornada nas Estrelas: A nova geração: Temporada 4: Pistas","09/01/2017"
"Jornada nas Estrelas: A nova geração: Temporada 1: Solidão","08/01/2017"
"Jornada nas Estrelas: Deep Space Nine: Temporada 5: Uma simples investigação","07/01/2017"
"Star Trek: Voyager: Temporada 2: Inocência","31/12/2016"
"Star Trek – A Série Animada: Temporada 1: Além da estrela mais distante","24/12/2016"
"3%: Temporada 1: Capítulo 08: Botão","18/12/2016"
"3%: Temporada 1: Capítulo 07: Cápsula","10/12/2016"
"Buffy the Vampire Slayer: Temporada 6: A inundação","09/12/2016"
"Buffy the Vampire Slayer: Temporada 6: Vida em série","09/12/2016"
"3%: Temporada 1: Capítulo 06: Vidro","08/12/2016"
"3%: Temporada 1: Capítulo 05: Água","05/12/2016"
"3%: Temporada 1: Capítulo 04: Portão","04/12/2016"
"Jornada nas estrelas: Temporada 2: O sucessor","04/12/2016"
"Jornada nas estrelas: Temporada 1: Operação: Aniquilar!","04/12/2016"
"3%: Temporada 1: Capítulo 03: Corredor","03/12/2016"
"Jornada nas Estrelas: Deep Space Nine: Temporada 5: Aquele que não tiver pecados...","01/12/2016"
"Jornada nas Estrelas: Deep Space Nine: Temporada 5: Nem dos fortes a peleja","01/12/2016"
"Jornada nas Estrelas: Deep Space Nine: Temporada 5: Procurando Par'Mach nos lugares errados","01/12/2016"
"Jornada nas Estrelas: Deep Space Nine: Temporada 5: À beira do Apocalipse","01/12/2016"
"3%: Temporada 1: Capítulo 02: Moedas","28/11/2016"
"3%: Temporada 1: Capítulo 01: Cubos","28/11/2016"
"Jornada nas Estrelas: Deep Space Nine: Temporada 4: Elo partido","27/11/2016"
"Jornada nas Estrelas: Deep Space Nine: Temporada 4: Quebra de contrato","27/11/2016"
"Jornada nas Estrelas: Deep Space Nine: Temporada 4: Nave em perigo","27/11/2016"
"Stranger Things: Capítulo oito: De ponta-cabeça","26/11/2016"
"Stranger Things: Capítulo sete: A banheira","23/11/2016"
"Jornada nas Estrelas: Deep Space Nine: Temporada 2: O cerco","21/11/2016"
"Jornada nas Estrelas: Deep Space Nine: Temporada 2: O Círculo","21/11/2016"
"Jornada nas Estrelas: Deep Space Nine: Temporada 2: A volta para casa","21/11/2016"
"The Expanse: Temporada 1: Dulcineia","21/11/2016"
"Jornada nas Estrelas: Deep Space Nine: Temporada 2: O colaborador","19/11/2016"
"Jornada nas Estrelas: Deep Space Nine: Temporada 2: Verdades e mentiras","19/11/2016"
"Jornada nas Estrelas: Deep Space Nine: Temporada 3: A casa de Quark","18/11/2016"
"Jornada nas Estrelas: Deep Space Nine: Temporada 4: Regras de combate","18/11/2016"
"Jornada nas Estrelas: Deep Space Nine: Temporada 4: O sindicato","18/11/2016"
"Jornada nas Estrelas: Deep Space Nine: Temporada 3: A sorte está lançada","18/11/2016"
"Jornada nas Estrelas: Deep Space Nine: Temporada 3: Causa improvável","18/11/2016"
"Jornada nas Estrelas: Deep Space Nine: Temporada 2: Regras de aquisição","18/11/2016"
"Stranger Things: Capítulo seis: O monstro","16/11/2016"
"Jornada nas Estrelas: Deep Space Nine: Temporada 5: Canções ferengi de amor","16/11/2016"
"Jornada nas Estrelas: Deep Space Nine: Temporada 4: Paraíso ameaçado","16/11/2016"
"Jornada nas Estrelas: Deep Space Nine: Temporada 4: Homenzinhos verdes","16/11/2016"
"Jornada nas Estrelas: Deep Space Nine: Temporada 4: Bashir, Julian Bashir","16/11/2016"
"Buffy the Vampire Slayer: Temporada 5: Fui feita para amar você","13/11/2016"
"Buffy the Vampire Slayer: Temporada 1: Bem-vindo à Boca do Inferno","13/11/2016"
"Stranger Things: Capítulo cinco: A pulga e o acrobata","13/11/2016"
"Stranger Things: Capítulo quatro: O corpo","07/11/2016"
"Stranger Things: Capítulo três: Caramba","07/11/2016"
"Stranger Things: Capítulo dois: A estranha da Maple Street","06/11/2016"
"Indiana Jones e o Reino da Caveira de Cristal","29/10/2016"
"Stranger Things: Capítulo um: O desaparecimento de Will Byers","24/10/2016"
"Tintin: The Calculus Affair","24/10/2016"
"As Aventuras de Tintim: Os Prisioneiros do Sol","24/10/2016"
"Indiana Jones e o Templo da Perdição","14/10/2016"
"Os Caçadores da Arca Perdida","09/10/2016"
"Cosmos: Uma Odisseia do Espaço-Tempo: Temporada 1: Escondido na Luz","07/10/2016"
"Cosmos: Uma Odisseia do Espaço-Tempo: Temporada 1: Aprofundando","07/10/2016"
"Tom Segura: Mostly Stories","07/10/2016"
"Scoop","05/10/2016"
"Paratodos","05/09/2016"
"Jornada nas estrelas: Nêmesis","29/08/2016"
"Os Caça-Fantasmas 2","18/07/2016"
"Rede de intrigas","29/06/2016"
"Vozes de uma Estrela Distante","28/06/2016"
"O Jardim das Palavras","28/06/2016"
"O Homem Que Matou o Facínora","27/06/2016"
"Janela indiscreta","27/06/2016"
"Sete Anos no Tibet","26/06/2016"
"As Aventuras de Tintim: Temporada 2: Tintin in Tibet: Parte 2","25/06/2016"
"As Aventuras de Tintim: Temporada 2: Tintin in Tibet: Parte 1","25/06/2016"
"Lareira em 4K: Lareira crepitante, versão clássica","19/06/2016"
"O Congreso Futurista","10/06/2016"
"Chef's Table: Volume 2: Alex Atala","10/06/2016"
"Esquadrão Bizarro: Temporada 1: Efeito zero / Ursos azarados","10/06/2016"
"Cauby - Começaria Tudo Outra Vez","28/05/2016"
"A Mulher Faz o Homem","28/05/2016"
"Penny Dreadful: Temporada 1: Trabalho noturno","16/05/2016"
"Clube de compras Dallas","02/05/2016"
"O Escorpião de Jade","20/03/2016"
"Chatô, O Rei do Brasil","22/02/2016"
"Os 7 suspeitos","15/02/2016"
"Politicamente Incorreto - A Série: Temporada 1: Episódio 1","15/02/2016"
"Little Witch Academia: The Enchanted Parade","15/02/2016"
"The Bletchley Circle: Temporada 1: Decifrando o código de um assassino - parte 1","15/02/2016"
"A Dama Dourada","31/01/2016"
"Little Witch Academia","30/01/2016"
"O mordomo da Casa Branca","10/01/2016"
"S.O.S. tem um louco solto no espaço","15/12/2015"
"Testemunha de Acusação","07/12/2015"
"As Aventuras de Tintim: Temporada 2: Flight 714: Parte 1","06/12/2015"
"As Aventuras de Tintim: Temporada 2: Land of Black Gold: Parte 2","06/12/2015"
"As Aventuras de Tintim: Temporada 2: Land of Black Gold: Parte 1","06/12/2015"
"As Aventuras de Tintim: Temporada 2: Tintin and the Picaros: Parte 2","05/12/2015"
"Star Wars – Uma Nova Esperança","05/12/2015"
"As Aventuras de Tintim: Temporada 2: Tintin and the Picaros: Parte 1","27/11/2015"
"De Volta para o Futuro III","25/10/2015"
"Back in Time","25/10/2015"
"Sobral - O Homem que Não Tinha Preço","18/10/2015"
"Três Homens em Conflito","18/10/2015"
"Narcos: Temporada 1: A espada de Simón Bolívar","15/10/2015"
"Cosmos: Uma Odisseia do Espaço-Tempo: Temporada 1: De Pé na Via Láctea","12/10/2015"
"Tempo de despertar","12/10/2015"
"Dr. Fantástico","07/10/2015"
"A incrível história de Adaline","20/09/2015"
"O artista","13/09/2015"
"Cosmos: Uma Odisseia do Espaço-Tempo: Temporada 1: Sem Medo do Escuro","08/09/2015"
"Cosmos: Uma Odisseia do Espaço-Tempo: Temporada 1: O Novo Mundo Livre","08/09/2015"
"Paris-Manhattan","04/09/2015"
"Narcos: Temporada 1: A chegada","31/08/2015"
"Gotham: Temporada 1: Piloto","28/08/2015"
"Mudbloods","28/08/2015"
"A Vingança da Pantera Cor-de-Rosa","20/08/2015"
"Um Tiro no Escuro","20/08/2015"
"O Jovem Frankenstein","31/07/2015"
"Cosmos: Uma Odisseia do Espaço-Tempo: Temporada 1: Os Imortais","30/07/2015"
"Meu Malvado Favorito 2","26/07/2015"
"Malícia","05/07/2015"
"Hoop Dreams","02/07/2015"
"TEDTalks: Maquinações robóticas: Maquinações Robóticas: Todd Kuiken: Um braço prostético que sente","25/06/2015"
"TEDTalks: Maquinações robóticas: Maquinações Robóticas: Vijay Kumar: Robots That Fly... and Cooperate","25/06/2015"
"TEDTalks: Invenção radical: Invenção Radical: Jack Choi: na mesa de dissecação virtual","14/06/2015"
"Cosmos: Uma Odisseia do Espaço-Tempo: Temporada 1: Os Mundos Perdidos do Planeta Terra","08/06/2015"
"Miss Fisher's Murder Mysteries: Temporada 1: Cocaína","07/06/2015"
"The Haunting Hour: The Haunting Hour: Temporada 1: Você Mesma: Parte 1","07/06/2015"
"Cosmos: Uma Odisseia do Espaço-Tempo: Temporada 1: As Irmãs do Sol","07/06/2015"
"Criação","31/05/2015"
"Moving Art: Temporada 1: Flores","22/05/2015"
"Where Is Flight MH370?","18/05/2015"
"Orphan Black: Temporada 1: Seleção natural","18/05/2015"
"Cosmos: Uma Odisseia do Espaço-Tempo: Temporada 1: Um Céu Cheio de Fantasmas","15/05/2015"
"WALL-E","07/05/2015"
"Bombón: El Perro","06/05/2015"
"Particle Fever","05/05/2015"
"Dilbert: Temporada 2: Episódio 13","05/05/2015"
"Downton Abbey: Temporada 3: Especial de Natal","03/05/2015"
"Downton Abbey: Temporada 3: Episódio 8","28/04/2015"
"TED Talks: Mastigue isso: Mastigue isso: Jamie Oliver faz seu desejo do Prêmio TED: Ensinar a todas crianças sobre comida","27/04/2015"
"Downton Abbey: Temporada 3: Episódio 7","27/04/2015"
"Downton Abbey: Temporada 3: Episódio 6","25/04/2015"
"Downton Abbey: Temporada 3: Episódio 5","16/04/2015"
"Downton Abbey: Temporada 3: Episódio 4","15/04/2015"
"Downton Abbey: Temporada 3: Episódio 3","14/04/2015"
"Space Jam - O Jogo do Século","13/04/2015"
"Downton Abbey: Temporada 3: Episódio 2","13/04/2015"
"Downton Abbey: Temporada 3: Episódio 1","11/04/2015"
"Dilbert: Temporada 2: Episódio 9","10/04/2015"
"Dilbert: Temporada 1: Episódio 8","10/04/2015"
"Downton Abbey: Temporada 2: Natal em Downton Abbey","09/04/2015"
"Downton Abbey: Temporada 2: Episódio 8","08/04/2015"
"Downton Abbey: Temporada 2: Episódio 7","06/04/2015"
"O poderoso chefão","06/04/2015"
"Downton Abbey: Temporada 2: Episódio 6","05/04/2015"
"Downton Abbey: Temporada 2: Episódio 5","04/04/2015"
"Arquivo X: Temporada 5: Suspeitos incomuns","04/04/2015"
"Arquivo X: Temporada 3: A guerra das baratas","04/04/2015"
"Downton Abbey: Temporada 2: Episódio 4","03/04/2015"
"Downton Abbey: Temporada 2: Episódio 3","02/04/2015"
"Dilbert: Temporada 1: Episódio 9","01/04/2015"
"Dilbert: Temporada 1: Episódio 7","01/04/2015"
"Dilbert: Temporada 1: Episódio 6","01/04/2015"
"Downton Abbey: Temporada 2: Episódio 2","31/03/2015"
"Downton Abbey: Temporada 2: Episódio 1","30/03/2015"
"Downton Abbey: Temporada 1: Episódio 7","30/03/2015"
"Downton Abbey: Temporada 1: Episódio 6","30/03/2015"
"Downton Abbey: Temporada 1: Episódio 5","29/03/2015"
"Downton Abbey: Temporada 1: Episódio 4","28/03/2015"
"Downton Abbey: Temporada 1: Episódio 3","27/03/2015"
"Downton Abbey: Temporada 1: Episódio 2","25/03/2015"
"Downton Abbey: Temporada 1: Episódio 1","20/03/2015"
"Era uma vez: Temporada 1: Uma terra sem magia","18/03/2015"
"Era uma vez: Temporada 1: Uma maçã vermelha como sangue","09/03/2015"
"Contos Do Edgar: Season 1: Priscila","07/03/2015"
"Era uma vez: Temporada 1: O estranho","05/03/2015"
"Contos Do Edgar: Season 1: Berê","04/03/2015"
"Equilibrium","04/03/2015"
"1984.0","18/02/2015"
"Era uma vez: Temporada 1: O retorno","18/02/2015"
"O Segredo dos Seus Olhos","17/02/2015"
"Era uma vez: Temporada 1: O homem do estábulo","17/02/2015"
"Era uma vez: Temporada 1: O chapéu mágico","17/02/2015"
"A boa mentira","16/02/2015"
"A Escolha de Sofia","16/02/2015"
"Era uma vez: Temporada 1: O coração das trevas","16/02/2015"
"Knights of Sidonia: Temporada 1: O começo","15/02/2015"
"O enigma da pirâmide","15/02/2015"
"Era uma vez: Temporada 1: A capa vermelha","15/02/2015"
"Era uma vez: Temporada 1: Sonhador","11/02/2015"
"Era uma vez: Temporada 1: O que aconteceu com Frederick","09/02/2015"
"De Volta para o Futuro II","09/02/2015"
"Era uma vez: Temporada 1: Beleza externa","08/02/2015"
"Era uma vez: Temporada 1: O fruto da árvore venenosa","07/02/2015"
"Garota Interrompida","06/02/2015"
"Era uma vez: Temporada 1: O café da manhã","05/02/2015"
"Arquivo X: Temporada 1: Homem elástico","05/02/2015"
"Era uma vez: Temporada 1: O verdadeiro norte","04/02/2015"
"Psicose","03/02/2015"
"Era uma vez: Temporada 1: Almas desesperadas","02/02/2015"
"Secret Window","31/01/2015"
"Era uma vez: Temporada 1: Coração é um caçador solitário","29/01/2015"
"Era uma vez: Temporada 1: O pastor","26/01/2015"
"Era uma vez: Temporada 1: A voz interior","18/01/2015"
"Era uma vez: Temporada 1: O preço da magia","17/01/2015"
"Era uma vez: Temporada 1: Neve e paixão","15/01/2015"
"Era uma vez: Temporada 1: Aquilo que você mais ama","15/01/2015"
"Como treinar o seu dragão","11/01/2015"
"Era uma vez: Temporada 1: Piloto","14/12/2014"
"O menino do pijama listrado","12/12/2014"
"Meu Malvado Favorito","30/11/2014"
"O Livro de Eli","18/11/2013"
"The Way Steve Jobs Has Changed the World","18/11/2013"
"Azumi","18/08/2013"
"Numb3rs: Temporada 1: Pilot","10/08/2013"
"Jornada nas Estrelas: A nova geração: Temporada 3: Laços de Família","04/08/2013"
"Jornada nas Estrelas: A nova geração: Temporada 3: Quem Observa os Observadores?","04/08/2013"
"O planeta dos macacos","14/07/2013"
"Além da imaginação (Série original): Temporada 3: The Midnight Sun","13/07/2013"
"Além da imaginação (Série original): Temporada 1: Mr. Denton on Doomsday","13/07/2013"
"Duna","08/07/2013"
"Para Roma, com amor","08/07/2013"
"Os miseráveis","07/07/2013"
"Além da imaginação (Série original): Temporada 1: One for the Angels","07/07/2013"
"Além da imaginação (Série original): Temporada 1: Where Is Everybody?","05/07/2013"
"Jogos Vorazes","05/07/2013"
"Arquivo X: Temporada 1: Piloto","05/07/2013"
